Hashtag,Frequency,affiliation (
01indonesiamaju,73130,1
jokowinelection,68020,1
jabarjuarahiji,59912,1
2019jokowikyaimaruf,52377,1
01thechampion,45049,1
2019tetapjokowi,44593,1
pilihygjelasislamnya,40464,1
jokowimenangtotaldebat,38963,1
jokowilagi,35838,1
barengjokowi,35364,1
konserputihbersatu,35332,1
rabuputihjokowimenang,32938,1
betawiemangjokowi,31416,1
ngapakbarengjokowi,30676,1
kyaibersatuutkjokowi,28187,1
kitongpapuacoblosjokowi,27013,1
kaltimpilihbajuputih,26557,1
jokowiamin,26509,1
panturamajubarengjokowi,25393,1
solorayamenangkejokowi,25241,1
probolinggomiliheklambiputih,24012,1
wongkitocoblosjokowi,23825,1
jokowidilanjutkanlagi,23736,1
musisibersatu,23493,1
jabarngahiji,23469,1
sulbarjokowimenang,23454,1
01dilanjutkan,22816,1
coblos01sudahterbukti,22072,1
jokowi2periode,20981,1
yukgembirabarengjokowi,20807,1
bumimelayujokowi01,19829,1
mulaiputihkangbk,19252,1
jokowimarufprowongcilik,19027,1
ewakojokowiamin,18961,1
01jokowi3pdip,18055,1
jokowiproulama,16808,1
2019pilihjokowi,16548,1
putihkangbk,15762,1
satukanindonesia,15738,1
gerindranasionalismenangkanjokowi,15463,1
2019jkwpresiden,14868,1
jokowin17april,14745,1
pilih01bajuputih,14699,1
menangjokowi17april,14647,1
putihadalahk1ta,13855,1
01optimisindonesiamaju,13712,1
rabudepanjokowimenang,13097,1
ngawinyoblosjokowiamin,12901,1
mudiklancarbarengjokowi,12859,1
01keluargaislami,12123,1
tetapjokowi,11643,1
putihitujokowi,11460,1
17apriljokowipresiden,11079,1
jokowimengubahsemua,10913,1
jokowiaminmenangtotal,10622,1
kusukajokowiamin,10158,1
jokowidodo,9795,1
yangputihitujokowi,9791,1
pdiperjuanganm3nang,9539,1
debatasyikjokowi,9417,1
01jokowilagi,9192,1
jokowiaminsudahmenang,9111,1
02pengecut,8973,1
tusukputihsaja,8727,1
jokowiputihmenang,7821,1
kaltimbersamajokowi,7435,1
indonesiajuara,6951,1
olahragawanbersatu,6948,1
rindupemimpincintaislam,6735,1
prabowosalahkansby,6723,1
bajuputihjokowi,6610,1
nasdemtotalutkjokowi,6454,1
jokowiaminmenang,6276,1
menyatuputihjokowi,6223,1
coblosyangputih,5821,1
2019warasbareng,5795,1
prabowodnapemberontak,5747,1
jokowiorangbaik,5609,1
jokowimajuprabowomundur,5520,1
jokowipresidenku,5360,1
01ndonesiamaju,5310,1
jokowiputihkangbk,5216,1
01jokowiaminsudahmenang,5196,1
02tunggangiislam,5133,1
wajarwowokalah,5114,1
2019jokowilagi,5107,1
karenajokowimenang,5011,1
koalisiprabohong,4994,1
prabowosakit,4988,1
22meiprabowoniatrusuh,4934,1
putihkansolo,4932,1
siapputihkangbk,4811,1
17aprilcoblosjokowiamin,4658,1
01jokowiamin,4535,1
susiduaperiode,4520,1
optimisindonesiamaju,4496,1
02prokoruptor,4485,1
jokowireelected,4161,1
kemenanganjokowiamin,4092,1
pdiperjuangan,4045,1
ramadhansatukankita,4039,1
janganpilihpemimpinemosional,3879,1
coblosputihjokowi,3769,1
kitajokowi,3688,1
wajardongjokowimenang,3622,1
solorayabersatu,3597,1
coblos01,3567,1
karnajokowi,3516,1
bongkarhoax02,3438,1
indonesianvotejokowi,3420,1
17aprilcoblosbajuputih,3241,1
indonesiabersatu,3238,1
01harilagi,3225,1
inacallsjokowiamin,3214,1
memutuskanpilih01,3163,1
jokowinegarawansejati,3158,1
peoplevotejokowi,3043,1
jokowimembangun,3000,1
lombokjokowiamin,2972,1
prabowojahap,2924,1
solopastijokowi,2907,1
jokowimarufamin2019,2904,1
perempuan1suarajokowi,2899,1
pilihjokowiyangsudahpasti,2877,1
02kebanyakansandiwara,2857,1
prabowomenanghoax,2783,1
konserputihadalahkita,2756,1
2019jokowimarufamin,2714,1
bpnpecah,2704,1
2019jokowimaruf,2646,1
garutngiringkyai,2630,1
bersamajokowi,2610,1
santrimelukyai,2548,1
projo,2514,1
pecatanlebihtnidaritni,2507,1
putihadalahkita,2465,1
pancasilayeskhilafahno,2450,1
prabowojumatandimana,2444,1
coblos01jokowikhmaruf,2343,1
selamatramadanpakjokowi,2256,1
karnavalindonesia01,2238,1
datasetangundul,2145,1
jokowi1kalilagi,2111,1
2019jokowilanjut,2086,1
madurangerengkyai,2048,1
jokowisekalilagi,2011,1
karenakamucuma01,1985,1
kalahkokmaumakar,1983,1
jokowimarufmenangsurvei,1972,1
misterihilangnyasandiagauno,1969,1
jokowiorangnyabaik,1934,1
gaspoljemp01mantul,1931,1
02tidakputih,1914,1
rabukitabersatu,1864,1
sumuttotaljokowi,1819,1
alhamdulillahduaperiode,1765,1
whyjokowi,1760,1
2019jokowipresidenri,1731,1
banten01,1709,1
02panikkalah,1700,1
prabowohalu,1691,1
prabowogila,1669,1
menujuindonesiamaju,1653,1
kamipercayakpu,1652,1
jokowipemenangsejati,1630,1
ayokitapilihjokowikhmaruf01,1618,1
jempolgasp01,1589,1
pilihankuhanyasatu,1555,1
coblos9perindo,1496,1
2019gueperindo,1482,1
depokwapresnyakyai,1476,1
kampanyeterbukaperindo,1458,1
caprespemarah,1454,1
satunusa01bangsa,1428,1
17aprilpilihjokowi,1424,1
akalsehatputihkangbk,1413,1
wapreskukyai,1393,1
jokowimaruf,1365,1
jokowiuntuk1ndonesia,1317,1
jokowimaruf2019,1303,1
bersamakitasatu,1269,1
jokowimenang,1265,1
kompaksatujokowi,1263,1
hashimthegodfather,1242,1
presidena1bajuputih,1234,1
bogorpilihwapresbisangaji,1226,1
dendasatumiliarpemalsuc1,1207,1
saveindsavejokowi,1190,1
bantengpemenang,1182,1
jokowiwinelection,1178,1
ikutkyai,1167,1
wowocapresabadi,1166,1
17apriljokowimenang,1158,1
jokowimenanglagi,1152,1
forjokowi,1132,1
2019jokowidodopresidenri,1121,1
juaraitusatu,1120,1
silentmajoritywinelection,1118,1
01rabuputih,1108,1
jokowidilanjutkan,1089,1
2019forjokowi,1085,1
coblosganjilmantul,1060,1
kaltengmintihbajubaputi,1057,1
02capresabadi,1043,1
gembirajokowijuara,1039,1
menangjokowilagi,1038,1
bantenjokowiamin,1017,1
jokowimembangundesa,999,1
sandiwarauno,988,1
bersatuikutkyai,981,1
jokowihebat,970,1
putihkangbkdanjakarta,933,1
hoaxkpps,892,1
gaspoljokowijempol,883,1
jokowiduaperiode,879,1
01jokowiaminmenang,866,1
2019pilihjokowikyaimaruf,819,1
indonesiahebat,818,1
generasinomorsatu,800,1
17rabuputih,795,1
02hoaxlagi,763,1
orangbaikpilihjokowi,739,1
jokowibikinhappy,734,1
01jokowilagiindonesiamaju,733,1
salamsatujempol,727,1
01dilanjutkan1xlagi,721,1
bersatuindonesia,717,1
02indonesiapunah,702,1
17aprilkitaputih,692,1
jokowimembangunindonesia,687,1
pilihjokowimaruf2019,685,1
angkatjemp01mu,670,1
prabowophpsumut,667,1
prabowodukungjokowi,664,1
bersatuusaipemilu,660,1
jokowidicintairakyat,659,1
jokowisudahmenang,657,1
sulselpilihbajuputih,651,1
percayakpu,631,1
kitaputih,616,1
01jokowipresiden,612,1
jkwmerahputih,609,1
ingatjokowi,609,1
kitauntuksatu,604,1
hoax02merusakbangsa,602,1
jokowiemangbetawi,599,1
01jokowimenang,593,1
jokow1kerjanyata,579,1
horasjokowi,557,1
kalbarmenangtotal,553,1
jokowiaminlebihbaik,548,1
kandangbant3ng,543,1
bismillahjokowi,538,1
jokowinyatakerjanya,535,1
jokowinagain,532,1
jokowimenang17april,528,1
tolakpeoplepower,527,1
stopujarankebencian,517,1
jokowiindonesia,513,1
jokowibekerja,511,1
ummattolakpeoplepower,498,1
curangteriakcurang,496,1
01indonesiamajuterus,491,1
01thecampion,489,1
lebihbaikjokowi,487,1
pilihjokowiyangpastikerja,480,1
ber1menangberceraikalah,478,1
wowonangisjakartabanjir,476,1
putihkanpalembang,466,1
jokowisaja,464,1
prabohong,459,1
nasdemantimahar,459,1
jokowi01,458,1
bajuputihpilihanntt,458,1
indonesiavotejokowi,457,1
bicarakebaikan01,452,1
01putihkangbk,441,1
jokowipresidenlagi,439,1
02maincurang,438,1
tentangjokowi,436,1
eropamenangkanjokowi,436,1
pilih01aja,432,1
jokowirajainfrastruktur,427,1
kalahmaksamenang,424,1
01putihkanrabu,420,1
jokowima,417,1
presidenjokowi,413,1
gasp01sampegol,406,1
hasilkerjajokowi,404,1
01gelorabungkarno,391,1
02marahcyn,389,1
menang0121harilagi,388,1
capresabadi,386,1
2019jokowiaja,381,1
jokowipilihantepat,380,1
jokowimenangtebal,378,1
2019presidenjokowi,376,1
provokatorsetangundul,369,1
2minggulagigerindratenggelam,369,1
01pastimenang,366,1
01nkritetappancasila,364,1
rakyattolakpeoplepower,363,1
02wajarkalah,357,1
kertanegarakhilafah,355,1
jangansampaiberkuasa,355,1
2019coblosjokowi,355,1
habibdukungjokowi,349,1
jokowimarufamin,348,1
sumberhoaxkubu02,347,1
kinerjajokowiluarbiasa,345,1
jokowiudahkasihbukti,345,1
putihkantps,332,1
eropapilihbajuputih01,328,1
jokowi_ri_1,322,1
eropanyoblos01,322,1
coblosbajuputih,320,1
01indonesiaberdaulat,320,1
jokowikhmaruftetappilihanku,311,1
wongkitojokowiamin,308,1
13aprilsiapputihkangbk,300,1
konserputihberssatu,298,1
makrufamin,296,1
gaspoljemp01,293,1
torangsamuajokowi,285,1
digitalmelayani,282,1
capres02tukangteror,278,1
hasilkinerjajokowiterbukti,271,1
4tahunjokowi,270,1
kubu02panikgerindracurang,269,1
salam2periode,266,1
rabusatu,265,1
papuacintajokowimaruf,257,1
hrshijrahdukung01,257,1
01thechampions,254,1
jokowikhmarufunggulankita,252,1
jokowikerjauntukkita,250,1
mahasiswatolakpeoplepower,249,1
agusmaksumtukangkeripik,248,1
jkwlagi,247,1
2periode,246,1
01bajuputih,245,1
kerjanyatabersamajokowi,243,1
jokowinelektion,243,1
rakyatapresiasikinerjajokowi,242,1
jokowikerjanyata,240,1
jawatimurtotalbersatu,235,1
jokowipisan,234,1
jokowicintaaceh,233,1
jokowiharapanpasti,231,1
prabowodelusi,230,1
sayapastijokowi,227,1
umattolakpeoplepower,224,1
jokowiuntukindonesiamakmur,224,1
alumniperguruanmuhammadiyah01,224,1
jokowikerjainfrastrukturmaju,222,1
minangpemilihjokowi,220,1
jkwmarufamin,219,1
m3rahkansoloraya,216,1
torajamillenialsbersatu,215,1
01dilanjutkanlagi,215,1
rakyatinginjokowipresidenlagi,212,1
peoplepowerbukanpilihan,212,1
goodbyeprabowo,212,1
pemiluamanbersamatnipolri,205,1
mjamesbandarhoaxpilpres,204,1
jokowimerubahsemua,203,1
jokowimarufkuasaidebat,201,1
jokowiterbaiknomor01,199,1
allahmuliakanjokowi,199,1
jokowinyatabersih,195,1
jokowimusliminsejati,195,1
indonesiamajuberkatjokowi,191,1
pdipperjuanganm3nang,189,1
rakyatpastimemilihjokowi,187,1
eksponenmudamuhammadiyah01,186,1
bucinwowocaper,186,1
selamatjokowimenang,185,1
jokowi1xlagiuntukindonesia,184,1
capresperamahvspemarah,184,1
jokowi1xlagi,183,1
jokowimemberikanbukti,182,1
presiden2019,181,1
jkw2periode,181,1
marufamin2019,179,1
lgbtdukungprabowo,179,1
jokowipemimpinmasakini,179,1
ashiapkegbk,176,1
uasterimagratifikasi,174,1
prabowopemarah,174,1
01jokowimaruf,171,1
jokowimasukkabah,168,1
17apriltenggelamkanprabowo,168,1
jokowigaspol,167,1
jokowikhmaruf4indonesia,165,1
1periodelagiuntukjokowi,162,1
optimis01menang,161,1
konserkemenangan01,160,1
jokowimajukanekonomiindonesia,159,1
rakyatinginjokowimenang,156,1
prabowoprokhilafah,156,1
01jokowi,155,1
prabowotarawihdimana,154,1
milenialpastijokowi,154,1
kalselbaimbaijokowi,154,1
indonesiasatu,154,1
duaperiode,154,1
tikummillenialsbarengjokowi,153,1
kalaubersihkenapatakut,151,1
diasporaeropacoblosputih01,150,1
jokowisayangiindonesia,149,1
01jokowibersihmerakyatkerjanyata,148,1
hitungmanual2periode,147,1
jokowiumroh,144,1
t3tapjokowi,142,1
01guebanget,141,1
02lemparhacksembunyitangan,138,1
adiannapitupulu,136,1
peoplepoweradalahmakar,135,1
legowonapawo,135,1
kalahkoknuduhmakar,134,1
surveypalsu02,133,1
rakyatmenyukaikinerjajokowi,133,1
jokowitanamkanoptimisme,133,1
jokowikerjanyataforrakyat,133,1
riaubersatuutkjokowi,132,1
17aprilcoblospdip,132,1
presidenjokowidodo,131,1
01untuk17april,130,1
01milenialputihkantps,130,1
menangkanjokowipilihpsi,129,1
koalisikriminal,128,1
indonesiamajujokowiri1,127,1
inalillahikampretstressos,126,1
pendukungprabowobrutal,125,1
rakyatbersamajokowi,124,1
gerakankebaikan01,124,1
banseramankantps,124,1
benderaputih02,123,1
debatjokowihebat,122,1
dilandigitalmelayani,121,1
02settinganmalaysia,121,1
01champion,121,1
awasprabowogalak,120,1
17apriljokowiamin,118,1
pemilutransparandemokratis,116,1
kmadihatiumat,116,1
kyaikukeren,114,1
jokowikhmarufandalanku,114,1
pilihyangjelasislamnya,112,1
hasilkerjajokowimemuaskan,112,1
brigade01kalsel,111,1
kmauntukumat,110,1
kerjanyatajokowi,110,1
hoaxkubu02,109,1
janganpilihcaprespenculik,108,1
hoaxselanggor,108,1
02koalisihoax,107,1
jokowigaspoll,106,1
adzanbukanpanggilanngopi,106,1
kyaiumaro,105,1
jokowimenangdebat,105,1
bazarmurahperindo,105,1
jangansuriahkanindonesia,104,1
17aprilpilihjokowimarufamin,104,1
purworejobersamajokowi,103,1
pembawapesan01,103,1
jokowisatukanindonesia,103,1
02koalisirapuh,103,1
sandiunomainaman,101,1
hashimdalang,101,1
prabohoax,100,1
jokowiperkuatmiliter,100,1
purworejodukungjokowi,98,1
prabowoantekasing,98,1
makarcupuunfaedah,98,1
prabowoloser,97,1
jokowikhmarufpastiterpilih,97,1
coblos01jelasislamnya,97,1
02melawankehendakrakyat,97,1
jokowiumroh01menang,95,1
jokowipercayatni,95,1
jokowimakruf2019,95,1
jokowimakinmantul,95,1
jokowikhmarufforindonesia,95,1
17april2019cobloscalegpdiperjuangan,95,1
prabowohinasby,94,1
jokowiaminmenangtelak,94,1
eropapilihjokowi,94,1
relawanjokowi,93,1
kitongpapuacoblospakjokowi,92,1
jokowimenangindonesiamendunia,92,1
panturamajubersamajokowi,90,1
keluargaprabowodukungjokowi,90,1
batamsatuhatipilihjokowi,90,1
02asbunngeles,90,1
nasdemmenangkanjokowi,87,1
sbydisalahinprabowo,86,1
besokrameingbk,86,1
jokowisiaprekonsiliasi,85,1
jokowidibaitullah,85,1
02menangfpimerajalela,85,1
keluargaprabowopilihjokowi,84,1
jokowinomics,83,1
15harilagicobloscapres01,83,1
jokowinegarawan,82,1
asalbowosenang,82,1
22meiaman,82,1
papuasatukanindonesia,81,1
kecurangan02,81,1
peoplepowergakbanget,80,1
tambahyakinjokowiamin,79,1
jokowikerjauntukrakyat,79,1
jokowikerjasampai2024,79,1
prabowoemosional,78,1
hasyimthegodfather,77,1
optimis01,76,1
komunitasputihkangbk,76,1
karenajokowi,76,1
mypresident,75,1
jokowiri1sampai2024,75,1
uasdibayarprabowo,74,1
prabowokalah,74,1
jokowimenangtelak,74,1
indikatorkemenanganjokowi,74,1
01terbaik,74,1
nubersatu,73,1
torangsemuajokowi,72,1
probolinggomiliheklambiputihdi,72,1
mahfudbersamajokowi,72,1
jokowibekerjatanpalelah,72,1
papuauntukjokowimaruf,71,1
jokowisayangipapua,71,1
jabarbersatu,70,1
02pecundang,70,1
menangkanjokowi17april,68,1
prabowohinamedia,67,1
jatim01menang,67,1
nyoblos01barupiknik,65,1
lomboktotaljokowiamin,65,1
02ndasmu,65,1
01menangterhormat,65,1
01berpengalamanbijaksana,64,1
prabocor,63,1
jokowikhmakrufaminmenang2019,63,1
goyangjempol,63,1
ulamasatukanumat,62,1
prabowothekidnapper,62,1
prabowopenyebarhoax,62,1
milenialpilih01,62,1
bukapuasabersamajokowi,62,1
semuadukung01,61,1
salamjempol,61,1
praboworemehkantni,61,1
nasdemputihkangbk,61,1
koalisi02pecah,61,1
jokowipedulirakyat1,61,1
jokowilebihbaik,61,1
02takutkalah,61,1
kegagalanstrategiprabowo,60,1
jokowikunkerbali,60,1
02pantaskalah,60,1
01semakindidepan,60,1
tenggelamkanprabowosandi,59,1
jokowikandepok,59,1
jagajokowi,59,1
putihkanindonesia,58,1
jokowiamin2019,58,1
koalisiindonesiakerja,57,1
jokowiaminmenangdebat,57,1
gas01sampegol,57,1
jokowi_marufamin_menang,56,1
2019gakjadigantipresiden,56,1
tenggelamkanpks,55,1
solorayamenangkejokowil,55,1
salamjokowi,55,1
prabowopengecut,55,1
jokowimenangdijatim,55,1
02lindungikoruptor,55,1
koalisiprabocor,53,1
dimanalokasirealcountbpn,53,1
01jelasislamnya,53,1
01indonesimaju,53,1
01generasioptimis,53,1
sempakmerahmiliksiapa,52,1
ngawicoblosjokowiamin,52,1
jokowikunkerjatim,52,1
jokowiaminpresidenri,52,1
dewangibul02,52,1
brigade01,52,1
tolakperpanjanganizinfpi,51,1
tangkappengancamjokowi,51,1
strategivideobasi02,51,1
jujurajawoo,51,1
17apriljokowin,51,1
01menujuindonesiamaju,51,1
presidenkertanegara,50,1
prabowotarawehdimana,50,1
lgbtbersamaprabowosandi,50,1
jatimbersatu,50,1
jatengbersatu,50,1
gorontalomenangkanjokowi,50,1
boyolalitolakprabowo,50,1
baladjokowiday,50,1
terimakasihpakjkw,49,1
prabowosandipecundang,49,1
peoplepoweranarkis,49,1
pdipsidoarjo,49,1
kalbarmajudukung01,49,1
haramgantipresiden,49,1
curanggundulmu,49,1
01siapmenang02gaksiapkalah,49,1
01lagi,49,1
tanganjokowiuntukrakyat,48,1
prabowopenghasut,48,1
prabowoketinggalanjaman,48,1
paslon01,48,1
nopeoplenopower,48,1
koalisiprabodoh,48,1
jokowimajukankerajinanindonesia,48,1
jokowikhmaruf1xlagi,48,1
jokowibarengmuhammadiyah,48,1
jokowiaminoptimis,48,1
prabowosanditaklayakjadipemimpin,47,1
koalisiributsendiri,47,1
indonesia01,47,1
fpi01komando,47,1
55pctrakyatpilihjokowiamin,47,1
tnipolrikawalpemiluaman,46,1
surveyabalabal02,46,1
sandiwarawowo,46,1
prabowoselalukalah,46,1
loserprabowo,46,1
jokowipelayanrakyat,46,1
eggisudjanatukangtipu,46,1
coblos01sudahpasti,46,1
caprespecundang,46,1
prabowokudetakpu,45,1
paguyuban01otwsenayan,45,1
kontroversiprabowo,45,1
jokowipemimpinvisioner,45,1
jokowidodoorangnyabaikbanget,45,1
jokowibersamarakyat,45,1
pemilih02jangantakutketpscoblosbajuputih,44,1
manadotolakprabowo,44,1
kemenanganjokowi,44,1
kampanyeeksklusif02,44,1
jokowisudahmenangayoliburan,44,1
arusbawahjokowi,44,1
01cerminpancasila,44,1
tolakpemiluulang2019,43,1
tknjokowi,43,1
skenariokejiprabowo,43,1
pemimpinkaburkokdibela,43,1
jokowiamin01bajuputih,43,1
jabarbantenmenanguntuk01,43,1
bumimelayujokowi1,43,1
bumimelayujokowi06,43,1
bumimelayujokowi05,43,1
badanpengklarifikasinasional,43,1
01membangunnegeri,43,1
salamduaperiode,42,1
prabowoundercover,42,1
prabowomalumaluin,42,1
prabowobonekarizieq,42,1
koalisimunafik,42,1
01bersamakita,42,1
skakmat02,41,1
prabowotidakpercayatni,41,1
kodekeraspaksby,41,1
jokowimengubahdunia,41,1
alumnijogjasatukanindonesia,41,1
wowowajarkalah,40,1
ulamadukungjokowi,40,1
jatengcoblosklambiputih,40,1
guejokowi,40,1
01untukriau,40,1
tknjokowimaruf,39,1
rekapitulasikputransparan,39,1
prabowolanggaruudanuud1945,39,1
kitatetapjokowi,39,1
bye2prabowo,39,1
17aprilputihkanindonesia,39,1
02prolgbt,39,1
01jikowi3pdip,39,1
tetapjokow,38,1
sandiwaraunolagi,38,1
prabowobukberdimana,38,1
prabowobiangkegaduhan,38,1
koalisikarduspecah,38,1
jokowipresiden,38,1
jokowimelawanhoax,38,1
jokowibersamapekerjapabrik,38,1
sumutmenangkanjokowiamin,37,1
sulselpilihjokowi,37,1
realcount02ghaib,37,1
kamikazekubuprabwo,37,1
jokowipresidenri,37,1
erickthohir,37,1
bumimelayujokowi02,37,1
ancampenggaljokowi,37,1
02umbarprovokasi,37,1
01menangtelak,37,1
taufikdukung01,36,1
sandipunyahargadiri,36,1
prabowotakutkeaceh,36,1
prabowomenangtapibohong,36,1
prabowoemosi,36,1
prabowobikingaduh,36,1
prabowoberhalusinasi,36,1
ngawinyoblosjokowi,36,1
kalahkancaprespelanggarham,36,1
jokowimenangtotal,36,1
jokowikunkerntb,36,1
jabarjawarahiji,36,1
demokratgabungkik,36,1
capres01,36,1
bpnpemecahbelah,36,1
bersatusetelahpemilu,36,1
2019jokowipresiden,36,1
rekanjokowi,35,1
rabuputih01,35,1
prabowotakbisangaji,35,1
prabowogombal,35,1
pilihjokowi,35,1
mayday02pecah,35,1
maarufamin,35,1
kyaicerdasberpengalaman,35,1
konflikprabowosandiaga,35,1
jokowikunjungantanahsuci,35,1
jokowidiprediksimenangtelak,35,1
dahniltukangbohong,35,1
bpnpanik,35,1
badanpengklarfikasinasional,35,1
solorayamenangkanjokowi,34,1
prabowosanditherealloser,34,1
konserindonesiamenang,34,1
jokowisatukalilagi,34,1
jokowipedulipapua,34,1
jatimjokowilagi,34,1
htibibitteroris,34,1
gerombolansetangundul,34,1
bumimelayujokowi07,34,1
bawasluottgerindra02,34,1
17aprilcoblosjokowi,34,1
terimakasihpakjokowi,33,1
terimakasihjokowi,33,1
siappleciden,33,1
rakyatakalsehatdukungkpu,33,1
prabowokudaliar,33,1
panprojokowi,33,1
kiblatmana,33,1
jatimuntukjokowi,33,1
212makarberlindungdibaliktauhidjihaddantakbir,33,1
02caprespemarah,33,1
siasatprabowo,32,1
pandukungjokowi,32,1
02bagikuasa,32,1
01lebihbaik,32,1
wongkitocoblosjokowii,31,1
prabowoancammedia,31,1
poyuonoperusakkoalisi,31,1
nusolid01,31,1
nudukungjokowi,31,1
jokowikunkerkalteng,31,1
02hoaxkartutercobloslagi,31,1
terimakasihprabowo,30,1
prabowosujudlagi,30,1
prabowopresidencurang,30,1
prabowokuasaiasetnegara,30,1
koalisikardus,30,1
jokowirawatpersatuan,30,1
jokowimenangbanyak,30,1
jokowimenang2019,30,1
jokowilovers,30,1
jokowibangunsdm,30,1
dukunganuasgakngefek,30,1
ambisiprabowo,30,1
2019tetapjoko,30,1
02kalah,30,1
01optimpisindonesiamaju,30,1
tolakcaprespemarah,29,1
sumutmenangtotal,29,1
saksi02tidaksiapkalah,29,1
paradoksprabowo,29,1
pantinggalkanprabowo,29,1
koalisiprohoax,29,1
kampanyejokowi,29,1
jokowiresmikanwisatahalal,29,1
jokowimakrufamin,29,1
jokowikunkerkaltim,29,1
demokratkritikprabowo,29,1
coblos01pada17april2019,29,1
bongkarkebohongan02,29,1
bantenmelujokowiamin,29,1
02pecahkoalisi,29,1
pemilu2019tidakcurang,28,1
mimpijadiibunegara,28,1
kivlanzeinbiangonar,28,1
khmarufamin,28,1
kelompoksetangundul02,28,1
jokowidilanjukanlagi,28,1
jokowibersamaserikatpekerja,28,1
jokowiadalahkita,28,1
jokowi1periodelagi,28,1
betawipastijokowi,28,1
7aprilputihkanjakarta,28,1
theprabowosendgame,27,1
sanditinggalkanprabowo,27,1
rimenangkanjokowi,27,1
peoplepowertenggelamkanprabowo,27,1
pdiprjuanganm3nang,27,1
lanjutkansitungkpu,27,1
hanya01pilihanku,27,1
fisikprabowolemah,27,1
212jihadtakbirtauhidbelawomenanghoax,27,1
01jokowisekalilagi,27,1
torangsamuajokowiamin,26,1
tknjokowimarufamin,26,1
terbelahjadi02,26,1
sumbarmalinkundang,26,1
prabowotumbalinratna,26,1
prabowoharuslegowo,26,1
pilih01,26,1
pendukung02tidakberadab,26,1
koalisisetangundul,26,1
jokowipimpinsidangkabinet,26,1
jokowipemenangnya,26,1
indonesiabutuhjokowi,26,1
hoaxsandiaga,26,1
ekspresisandi,26,1
02sebarhoax,26,1
02malingteriakmaling,26,1
01indoensiamaju,26,1
wowinindpunah,25,1
sandiagakemana,25,1
prabowogakngertiekonomi,25,1
pilihjokowiamin,25,1
kampanyeprabowo,25,1
jokowipemberani,25,1
jokowiaminmenangtebal,25,1
adasetangundul,25,1
2019prabowopunah,25,1
02sumberhoax,25,1
02memfitnahbumn,25,1
02bersamahti,25,1
waspadasiasat02,24,1
satuperiodelagi,24,1
salam1jari,24,1
massabayarankivlan,24,1
kampretklenger,24,1
jokowisederhanakanizin,24,1
jokowimenangdisemuasurvey,24,1
jokowimajukanekonomisyariah,24,1
jokowijagakerukunan,24,1
jokowiblusukanpasar,24,1
jokowiamin01,24,1
guecoblos01,24,1
coblos01terbuktikerjanya,24,1
bukabersamajokowi,24,1
ariefpouyonootakudang,24,1
akalsehatsandi,24,1
17aprilcoblos01,24,1
02tukangfitnah,24,1
prabowokabur,23,1
pontianakjokowitotal,23,1
partaikamfretcariaman,23,1
jabarjuarahijidepok,23,1
2019batalgantipresiden,23,1
savemahkamahkonstitusi,22,1
sandiwarabpn02,22,1
sandipengemplangpajak,22,1
prabowoantekhti,22,1
inanilahikampretstressos,22,1
gerindravsdemokrat,22,1
cirebonbrebesdukungjokowimaruf,22,1
calegnasdem,22,1
bimaaryadukungjokowi,22,1
01untukindonesiamaju,22,1
sandiwaraistri02,21,1
pemilu2019jujuradil,21,1
pasokansetangundul,21,1
kamipercayabawaslu,21,1
kamidibelakangjokowi,21,1
jokowijelasislamnya,21,1
jokowiindonesiamaju,21,1
jemp01kuuntukmu,21,1
gebrakmeja,21,1
datahalu02,21,1
bumimelayujokowi16,21,1
bumimelayujokowi04,21,1
anakmobilelegendcoblosjokowi,21,1
alhamdulilahduaperiode,21,1
17apriljokowiaminmenang,21,1
sumuttolakpeoplepower,20,1
solorayamenangkej,20,1
saya01,20,1
sandikembalikedki,20,1
saiddiduhinapapua,20,1
rekanjokowibanten,20,1
presidenpresidenan,20,1
prabowohalusandiagamalu,20,1
perolehansuarajokowi,20,1
lanjut2periode,20,1
jokowino1didunia,20,1
jokowilantikgubernurmaluku,20,1
jokowiapresiasitnipolri,20,1
dramawowo,20,1
bersamatolakpeoplepower,20,1
barengjokowikonser,20,1
17apriljokowilagi,20,1
02ambivalen,20,1
ulamabersama01,19,1
sandirugibandar,19,1
prabowopolitisasiislam,19,1
pemimpinkokkasar,19,1
pemberontaksuriahdukung02,19,1
pelanggarankampanye02,19,1
orangbaikpilihorangbaik,19,1
ogahgantipresiden,19,1
lebihtnidaritnipecatan,19,1
kputidakcurang,19,1
koalisikapalpecah,19,1
kabinetjokowi,19,1
jokowiselesaikanmasalahtanah,19,1
jokowi_ma_ruf,19,1
jokowieffect,19,1
jatahmenteri02,19,1
ijtimaulamaakalakalan,19,1
bumimelayujokowi13,19,1
17aprilcoblosjokowikhmaruf,19,1
02penampunghti,19,1
01menangbanyak,19,1
surabayatotal01,18,1
saiddidutukangadu,18,1
rmolkoalisihoax,18,1
presidenkujokowi,18,1
prabowosudahlah,18,1
prabowosinting,18,1
lekassembuhprabowo,18,1
kyaibersatuutkjokow,18,1
kartuprakerja,18,1
jokowibersamawartawan,18,1
gerindranasionalismenangkan,18,1
deindustrialisasigundulmu,18,1
barengjokwi,18,1
02tukanghoax,18,1
02panik,18,1
01hebat,18,1
tumbangkanprabowosandi,17,1
s14pmerugipilih02,17,1
projokowi,17,1
logikaterbalikbpn02,17,1
konserputihbersatubarengjokowi,17,1
koalisiprabowotaksolid,17,1
jokowirakyatbersatu,17,1
jokowimilenial,17,1
jokowidilanutkanlagi,17,1
janganpilihcapresngamukan,17,1
cawapreskukekinian,17,1
bumimelayujokowi08,17,1
amienraissengkuni,17,1
02sebarhoakslagi,17,1
02pemenanghoaks,17,1
01jelasislambnya,17,1
wongkitocoblosjokow,16,1
strategicurang02,16,1
prabowosumbermalapetaka,16,1
pantantangkubu02,16,1
jokowiterimaahy,16,1
jokowipastikanramadanlebarannyamanaman,16,1
jokowioppa,16,1
indonesiaselalubersatu,16,1
indonesiakampreterection,16,1
horejokowimenang,16,1
depokwapreskyai,16,1
capresabadigalak,16,1
bumimelayujokowi20,16,1
bumimelayujokowi18,16,1
ber01kitateguhber02kitaruntuh,16,1
02sudahcurangtetapkalah,16,1
02mundurteratur,16,1
wearejokow1,15,1
stoppolitisasijenazah,15,1
situngbentuktransparansi,15,1
satuindonesia,15,1
santridukungjokowi,15,1
provokasipeoplepower,15,1
presidenpilihanartis,15,1
makarbersamahti,15,1
lebarankokditps,15,1
kpubekerjasesuaiuu,15,1
jokowipresiden2019,15,1
jokowikhmarufamin,15,1
jokowaminsudahmenang,15,1
hoaxuasdukungprabowosandi,15,1
gerindrakasar,15,1
dukungjokowi,15,1
bumimelayujokowi12,15,1
bumimelayujokowi11,15,1
02senjatamakantuan,15,1
02penyebarhoaxkpu,15,1
02gakmaukalah,15,1
02arogan,15,1
sumutforjokowi,14,1
slankbarengjokowi,14,1
salattarawihjokowi,14,1
rabuputihjokowimenangbaju,14,1
prabowongambek,14,1
merahkansoloraya,14,1
mardanitukangnyinyir,14,1
kyaimaruf,14,1
kawalsuara01,14,1
kampretpanik,14,1
kampanyejokowiamin,14,1
jokowinomor1,14,1
jokowiharusmenang,14,1
jokowidodomarufamin,14,1
gaspoljempol01,14,1
familytimejokowi,14,1
bpnprovokator,14,1
berkibarlahbenderaputih02,14,1
2019kalahlagi,14,1
02capressuperelite,14,1
udahkhilafahaja,13,1
skenarioijtimaulamaiii,13,1
sexykillerbohong,13,1
prabowotumbang,13,1
prabowotolakrekapitulasikpu,13,1
prabowopemecahbelah,13,1
prabowobikinsusah,13,1
prabowobikinruwet,13,1
kedaulatanrakyatpalsu,13,1
jokowitotalmenangdebat,13,1
jokowisuccessstory,13,1
jokowicerdas,13,1
hoaxrealcount02,13,1
dukungjokowisavejict,13,1
12harilagicobloscapres01,13,1
02nyabu,13,1
waprekukyai,12,1
tenggelamkangerindra,12,1
sujudsukurjilid2,12,1
realcountbpnpindah2,12,1
priaancampenggaljokowi,12,1
prabowodnakoruptor,12,1
prabowoasalomong,12,1
pouyonobikinpuyeng,12,1
kubu02malingteriakmaling,12,1
koalisijokowi,12,1
kmaloversngabret,12,1
kasnperiksadidu,12,1
jokowilantikgubernur,12,1
jatimmenangkanjokowi,12,1
indonesiatetapsatu,12,1
blusukanjokowi,12,1
ashiiiaaappp01,12,1
akusukajokowiamin,12,1
2019tetepjokowi,12,1
17aprilpilihjokowiamin,12,1
02sakitjiwa,12,1
01vspkihtifpiradikalisme,12,1
01indonesiamaj,12,1
wowobikinribet,11,1
utusanjokowi,11,1
pengancampresiden,11,1
pengancamjokowi,11,1
pdipjokowimenang,11,1
ngawaljokowi,11,1
menangkanjokowi,11,1
kampanyeakbarjokowi,11,1
jokowimarufunggultelak,11,1
jokowibersamatnipolri,11,1
janjimanisprabowo,11,1
jabarjuarahij,11,1
gelorakoalisihoax02,11,1
eropatetapjokowi,11,1
elektabilitasjokowi,11,1
dilanjutkanjokowilagi,11,1
2periodejokowi,11,1
02tunggangislam,11,1
02penjahatduniamaya,11,1
02pecahkongsi,11,1
02banyakorangkalap,11,1
thevictoryofprabowo,87750,2
uaspilihprabowo,60208,2
2019gantipresiden,39340,2
prabowomenyapasolo,27213,2
putihkanjakarta,23370,2
prabowomenyapasumbar,22823,2
pelakucurangdilaknatallah,22171,2
kpujangancurang,21255,2
prabowobentengnkri,21139,2
rakyattahukaliancurang,20775,2
jumatsucilawankecurangan,20534,2
kecuranganmunodairamadhan,20387,2
prabowomenyapajatim,20347,2
wiswayaheprabowopresiden,19709,2
gerakansubuhakbarindonesia,19011,2
bandunglautanprabowo,18375,2
mantappilihprabowosandi,17600,2
auditforensikkpu,17167,2
prabowosanditakterbendung,16310,2
17aprilprabowopresidenri,15861,2
tutup01tusuk02,14572,2
gerakankedaulatanrakyat,14513,2
bismillahinsyaallahprabowo,14439,2
bentuktpfkecuranganpilpres,12933,2
prabowomenyapasumsel,12653,2
indonesiafraudelection,12634,2
kawalkotaksuara,12593,2
jangancurangisuararakyat,12568,2
prabowomenyapasumut,12448,2
prabowosanditherealwinner,12188,2
01maincurang,11830,2
prabowosandi,11777,2
indonesianeedsprabowo,11348,2
gatotnurmantyopilihprabowo,10788,2
savepolrifrompolitics,10724,2
119fatalityketuakpumundur,10683,2
inaelectionobserversos,10681,2
jokowerfitnahkejiuas,10249,2
victoryforprabowo,10172,2
uasdifitnahkejidanbrutal,9846,2
thegreatcampaignofprabowo,9777,2
doakamiuntukprabowosandi,9344,2
15harilagicobloscapres02,9221,2
maumenangkokmaincurang,9185,2
kpungejarquickcount,9138,2
dokumenkanc1dikecamatan,9104,2
02wintheelection,9090,2
jagatpskawalhasilsuara,9061,2
pecundangmaincurang,8500,2
jangancurangiindonesia,8253,2
stopsitungkpu,8229,2
prabowomenyapajateng,8147,2
2minggulagicoblosprabowo,8013,2
kpujangansalahinputdata,7920,2
pantaufotoupload,7907,2
pilihprabowountukperubahan,7841,2
318diedintheworstinaelection,7841,2
besoktusukprabowosandi,7742,2
jatimmantappilihprabowo,7632,2
kedaulatanmilikrakyat,7599,2
kpujangancurangisuara02,7575,2
solomenangprabowo,7388,2
bpnkawalsuarakami,6954,2
2019prabowopresidenri,6715,2
225meninggalpecatketuakpu,6384,2
uahpilihprabowo,6246,2
16harilagi02menang,6099,2
prabowosandiwintheelection,6086,2
beranipilih02,6047,2
daruratc1plano,5874,2
cirebonciamispastiprabowo,5871,2
jokowidiambangkekalahan,5789,2
soloprabowo,5704,2
diskualifikasiyangcurang,5664,2
prabowopemimpinberprestasi,5472,2
arusbesarmenujuperubahan,5346,2
milenialbersamasandi02,5230,2
situngkpu_tumanerror,5224,2
prabowowinrealcount,4936,2
savedokteranihasibuan,4898,2
20harilagicobloscapres02,4889,2
kpujanganjiplakquickcount,4791,2
13harilagitusukprabowosandi,4640,2
situngkpurasaquickcount,4572,2
peoplepoweritulegal,4552,2
kedaulatanditanganrakyat,4541,2
istriajadicuekinapalagirakyat,4501,2
peoplepowerbukanmakar,4467,2
peoplepowerkonstitusional,4426,2
kedaulatanrakyathargamati,4312,2
jagasuara02amankanc1,4283,2
kamibersamaubn,4243,2
tenggelamkanpdiperjuangan,4209,2
tolakkolonialisasikomunis,3989,2
bersamaprabowobelapancasila,3925,2
02curangteriakcurang,3918,2
maumenangkokcurang,3887,2
indonesiacallsharimansiregar,3881,2
indonesiaadilmakmur,3876,2
prabowosandiokbanget,3825,2
aagympilihprabowo,3768,2
amplopluhutadamaunya,3697,2
belakedaulatanrakyat,3679,2
janganpilihpemimpinpendusta,3636,2
usutkecuranganinputdatakpu,3615,2
kawalsuara02amankanc1,3554,2
adaapadengansitungkpu,3549,2
janganpercayalembagasurveitv,3419,2
11harilagigantipresiden,3405,2
yusrilnorakdankasarmainnya,3388,2
quickcountbukadata,3382,2
02kalahterusbohong,3371,2
17harilagicobloscapres02,3332,2
amplopmenteriseranganfajar,3283,2
kembalikankedaulatanrakyat,3233,2
prabowomenangdebat,3223,2
ulamatolakobor,3222,2
kamibersamafpi,3201,2
peoplepower,3174,2
tegakkankedaulatanrakyat,3153,2
nonprabowocurang,3129,2
tusukprabowosandi,3119,2
pemilucurangitukejahatan,3074,2
02menangkanpemilu,3004,2
praharakmavsahok,3003,2
koksitungkpumiripqc,2975,2
01caprespendustaabadi,2963,2
hoaxselangor,2905,2
tolakhasilkputanpaauditit,2860,2
01diskualifikasiajatuman,2841,2
uasdifitnahkejibalasditps,2832,2
massivefraudelection,2793,2
prabowosandimenang,2770,2
hoaxjkwmenangtotaldebat,2748,2
2tahunkasusnoveljkwgagal,2721,2
lautanmassadukungprabowo,2581,2
janganmaudikibulilagi,2561,2
02harilagi,2544,2
tanpakecuranganprabowomenang,2472,2
kamidukungfpi,2454,2
17april2019peoplepower,2449,2
curangitudosa,2440,2
c1planobabinsaadalahkunci,2433,2
misterikematiankpps,2406,2
hasilcurangunlegitimate,2396,2
indonesiacallscartercenter,2390,2
doauntukprabowosandi,2339,2
22meiprabowopresiden,2333,2
dahlaniskanpilihprabowo,2307,2
harampilihpemimpinantiislam,2296,2
2019prabowopresiden,2295,2
8harilaginkriadilmakmur,2289,2
uasbersamaprabowosandi,2280,2
prabowoaman2019,2241,2
17aprilcoblosprabowosandi,2225,2
selamatkanindonesiadarikomunis,2218,2
guepilih02,2202,2
jokowimediaoligarki,2200,2
wiswayaheprabowosandi,2183,2
hastomemfitnahrakyataceh,2175,2
omsandikeren2019,2172,2
02capresguyonan,2168,2
01kenapatakutc1babinsa,2110,2
menangkanprabowosandi,2067,2
ayokputransparan,2057,2
2019prabowosandimenang,2008,2
17aprilpilihprabowosandi,1986,2
pejuangpenjagasuara02,1941,2
15harilagi02menang,1901,2
kpujangankurangisuara02,1814,2
jokowipencitraan2019,1776,2
rabugantipresiden,1660,2
indonesiamemanggilcaknun,1631,2
pemilih02jangantakutketps,1594,2
uasdihatiumat,1582,2
gunromlikadalkebon,1536,2
21harilagicoblosprabowo,1491,2
nasibjkwditangan500artis,1486,2
rakyatberkuasanegaraberdaulat,1455,2
prabowosandi2019,1430,2
jatimmantappilihprabowosandi,1346,2
prabowothenextleader,1334,2
prabowomenyapadiy,1330,2
kpucurangrakyatmelawan,1306,2
guekapokpilihjokowi,1279,2
ijtimaulama3,1271,2
weswayaheprabowopresiden,1254,2
18harilagicobloscapres02,1196,2
bumnjanganhianatirakyat,1192,2
akupilihkyai,1181,2
indonesiacallsobservers,1173,2
01nyatakalahnya,1132,2
2019prabowosandi,1121,2
sisirdatarc100persenkpu,1104,2
peoplepoweraspirasirakyat,1101,2
setiadukungprabowo,1099,2
maincuranghianatipancasila,1099,2
investigasifatality412kpps,1098,2
situngkpubikinsinting,1091,2
pkivspancasila,1059,2
2019prabowopresident08,1012,2
pepesdatangkelar,980,2
saveuas,978,2
pepespilihprabowosandi,969,2
6harilagijkwpulkam,941,2
nopowernopeople,907,2
khilafahajaranaswaja,873,2
curangkokbangga,857,2
17aprilprabowopresiden,838,2
01dengkulmu,819,2
lakucuranggakbermartabat,800,2
9harilagigantipresiden,796,2
stopkrimininalisasiulama,789,2
jagatpsmenangkan02,785,2
inaelectionobserverssos,784,2
tenggelamkanpartaigerindra,780,2
prabowosandimenyapabanten,778,2
pkinopancasilayes,773,2
pemilucurangkejahatandemokrasi,749,2
kampanyeakbar02tangerang,745,2
rakyatbermunajat02menang,737,2
ketidakadilanvspeoplepower,736,2
hoax02dimalaysia,714,2
pancasilavskhilafah,706,2
2019pilihpks,704,2
144fatalityketuakpumundur,701,2
10harilagigantipresiden,687,2
solokandangprabowo,682,2
bubarkanormasradikalfpi,658,2
17aprilpilihpks,655,2
14harilagi02menang,649,2
rakyatbergeraktegakkankedaulatan,644,2
cybermuslimrussianforprabowosos,633,2
pksbersamaulama,616,2
14harilagicobloscapres02,596,2
solosisandi,595,2
maincurangituhina,587,2
tolakpemilucurang,568,2
rcnyakpudimiripkanqc,567,2
gerakansubuhberjamaah,563,2
uasdukungprabowo,560,2
demokratbersama02,558,2
wedonttrustkpu,544,2
prabowopresiden,543,2
savedokterani,519,2
minangtakmemilihjokowi,514,2
bpn,507,2
17apriltusukprabowosandi,504,2
prabowomenyapajabar,502,2
16harilagicobloscapres02,502,2
prabowosandimenangdebat,491,2
harampemimpindzalim,488,2
17aprilprabowosandimenang,487,2
17aprilgoodbyejokowi,484,2
auditforensikpu,480,2
prabowosandi_idolarakyat,475,2
jkwdnapembohong,469,2
khilafahprotectsmuslims,462,2
17april2019pilihpks,458,2
wapreshandalgenerasimilenial,457,2
prabowopresidenri,454,2
bismillahinsyaaallahprabowo,454,2
minangmaimbau02,449,2
uasbersamaprabowo,443,2
01curangdinegeriorang,439,2
gantipresiden2019,432,2
koalisihoax,431,2
situnghalutiputipu,415,2
yukdukungkpuauditforensikit,402,2
tpstusukprabowosandi,402,2
fokuskawalsitungkpu,399,2
revolusimentalnolbesar,397,2
kpukembarindentikqc,390,2
maucurangingatakhirat,382,2
thevictoryofprabowosandi,381,2
9harilgpilihcawapresmilenial,379,2
beranidukung02,374,2
prabowosandikalahkankecurangan,353,2
hrsulamakamikaliansiapa,345,2
daretovote02,338,2
prabowosandiaga,337,2
jokowerfitnahnenekinaq,330,2
obormenggerusindonesia,317,2
13harilagicoblosprabowosandi,310,2
indonesiacallscartercentre,307,2
victoryofprabowo,305,2
12harilagitusukprabowosandi,304,2
prabowomenang,296,2
gantipresiden,288,2
prabowosandiuntukindonesia,286,2
warnawarni02itulahindonesia,274,2
powerofakunreceh02,271,2
17april2019gantipresiden,270,2
kpuselalutransparan,268,2
jagakedaulatanrakyat,265,2
kpucurang,261,2
17april2019prabowosandimenang,261,2
laskarkere4prabowosandi,258,2
2019presidenbaru,251,2
indonesiamakmoer,249,2
fpigardankridanpancasila,246,2
adildanmakmur,241,2
dahlanbersamaprabowo,240,2
13harigantipresiden,239,2
professorbuzzerrasatimses,236,2
minangmaimbauprabowosandi,232,2
12harilagicoblosprabowosandi,226,2
jokowidimana,215,2
pepes_tntbersamaprabowosandi,214,2
02pas,213,2
gunakanhakpilihuntuk02,209,2
daruratc1piano,209,2
inaelectionobserversos90turki,207,2
saveanihasibuan,194,2
curangkokterhormat,194,2
manajarimu02,193,2
sayasihoptimis02menang,191,2
17aprilcoblosnomor2,188,2
11harilagicoblosprabowosandi,187,2
inaelectioncallobserversos,182,2
20harilagicoblosprabowosandi,181,2
02thechampion,181,2
01curang,179,2
curangituhina,171,2
17aprilputihkantps,171,2
pemiluulang2019,167,2
gatotnurmatyopilihprabowo,166,2
situngkpu_tumaneror,163,2
badunglautanprabowo,162,2
islamselamatkannegeri,161,2
pppbersamaprabowosandi,155,2
13harilagicobloscapres02,155,2
stopkriminalisasiulama,154,2
greatcampaignofprabowo,152,2
savefpi,150,2
02menang,147,2
uahdukungprabowo,145,2
2019satukomandoib_hrs,145,2
02vspki,143,2
kputidaknetral,138,2
gatotnurmantyodukung02,137,2
diskualifikasi01,134,2
pemilucurang,133,2
obortiongkokbikintekor,133,2
gerakannasionalkedaulatanrakyat,133,2
cireboncimahipastiprabowo,129,2
ciamiscirebonpastiprabowo,128,2
doauntuk02,127,2
diskualifikasijokowi,127,2
mantabpilihprabowosandi,126,2
20harilagicoblosprabowo,126,2
jambimenangkanprabowosandi,125,2
inaelectionobservers0s,125,2
pemilu2019bencananasional,123,2
pkssaksiprabowo,122,2
maydaywithpresidentprabowo,122,2
tumbangkancaprespendusta,121,2
prabowopresiden2019,120,2
removethengacirovirus,118,2
uasdukung02,117,2
prabowomsidibandung,117,2
uninstalljokowi,115,2
terimakasihsaksipks,115,2
nomor02,115,2
02prabowosandi,114,2
ustadzabdulsomad,113,2
onlycheatingcanbeatprabowo,112,2
uaseffectpilihprabowo,110,2
jokowikalah,106,2
17aprilprabowosandi,100,2
kuduprabowo,96,2
jengkangkanrajahutang,94,2
jokowicurang,93,2
jatimmenangkan_prabowo_sandi,93,2
inacalling4intelectionobservers,93,2
01terbukticurang,93,2
saygoodbyejokowi,92,2
mistericapjempoldiamplop,92,2
kedaulatanrakyatvsrezimdzalim,91,2
indonesiafraudelection2019,90,2
17april2019prabowopresidenri,90,2
jokowitheerrorman,89,2
prabowothenextpresident,88,2
8harilagigantipresiden,87,2
01sarangkoruptor,87,2
prabowomenyapabalidanntb,86,2
17aprilgantipresiden,86,2
jokowiend,85,2
7harilagigantipresiden,85,2
17aprilcoblosnomor02,85,2
wiswahayeprabowopresiden,84,2
indonesiacallsobserver,84,2
rakyatditekanrakyatmelawan,83,2
matikantv,83,2
alumni212,83,2
prabowosandipks8,81,2
luhutrajaamplop,81,2
hoaxselangormatamu,81,2
kecuranganpemilu2019,80,2
audititkpu,80,2
kpuwearewatchingyou,79,2
hastomenfitnahrakyataceh,79,2
doakamibersamaprabowosandi,79,2
coblos02,79,2
pancasilavspki,78,2
bismillahcoblosprabowosandi,78,2
17aprilcoblos02,78,2
robottidaksalam2jari,77,2
thevictoryforprabowo,75,2
akalsehatpilihprabowosandi,75,2
prabowomenyapabogor,74,2
bissmillahinsyaallohprabowo,73,2
prabowosandi02,72,2
thepowerofakunreceh02,71,2
panbelarakyatbelaumat,71,2
kartumerahuntukkpu,71,2
02lawanhoax,71,2
uasdifitnahbalasditps,70,2
probolinggodukung_prabowo_sandi,70,2
prabowosandiagauno,68,2
bentuktpfkecuranganpemilu,68,2
wiswayaheprabowopresidenri,67,2
lawankecurangan,67,2
2minggulagipresidenbaru,67,2
tusukgambarprabowosandi,66,2
prabowosandi_02menang,66,2
kamibersamaulama,66,2
inaelectionobseversos,66,2
ijtimaulamaiii,66,2
02menangdebat,66,2
ulinyusronbuktiketidakadilan,64,2
tegakankedaulatanrakyat,64,2
bpnprabowosandi,64,2
bismillahprabowosandimenang,64,2
gerakamsubuhakbarindonesia,63,2
inaelectionobserversos90turky,62,2
rakyatlawankpucurang,61,2
pksmenangprabowopresiden,61,2
kampanyeakbarprabowo,61,2
prabowosandidipilihrakyat,59,2
kpuoknumcurangi02,59,2
4harilagimenujuadilmakmur,59,2
2019pilihprabowosandi,59,2
terimakasihmenangkanprabowosandi,58,2
kedaulatanrakyatvsrezimpengkhianat,58,2
harampilihpemimpindzalim,58,2
02prokorupsi,58,2
situngkpucacat,57,2
prabowopresidenku,57,2
thevictorofprabowo,54,2
2thnkasusnoveljkwgagal,54,2
ustadabdulsomad,53,2
2019prabowopresidentri,53,2
prabowobantengnkri,51,2
ijtimaulama,51,2
presidenhalu,50,2
prabowopresidenindonesia2019_2024,49,2
5harilagi02menang,49,2
01langganankpk,48,2
ustazabdulsomad,47,2
lawanhoaxqcpilpres2019,45,2
jkwabaikansholawatnabi,45,2
prabowomenyapakarawangbogor,44,2
pas02,44,2
gatotnurmantyodukungprabowo,44,2
diskualifikasipaslon01curang,44,2
diskualifikasiajapaslon02,44,2
cybermuslimrussianforprabowo,44,2
auditserverkpu,44,2
presidenbaru,43,2
pilih02prabowosandi,43,2
kpksidikkpu,43,2
02winelection,43,2
prabowopresidenkusandiwapresku,42,2
salam2jari,41,2
rabutusuk02prabowosandi,41,2
prabowomenyapapadang,41,2
gerakankeaulatanrakyat,41,2
01kumpulanparakoruptor,41,2
prabowopilihanrakyat,40,2
indonesiaforprabowo,40,2
5harilagicapreso2menang,40,2
02winteheelection,40,2
02mypresident,40,2
umatdukungijtimaulama3,39,2
prabowosandisolusinkri,39,2
buruhdukungprabowosandi,39,2
presidenprabowosubiantodjojohadikusumo,38,2
prabowomenangtelak,38,2
inaelectionobservesos,38,2
inaelectionobserversosturkey,38,2
bismillahinsyaallahprabowosandi,38,2
auditforensikitkpu,38,2
aagympilihprabowosandi,38,2
02sudahhoaxtetapkalah,38,2
rezimpanik,37,2
rakyatrinduperubahan,37,2
doauntukprabowo,37,2
rizieqshihab,36,2
gerakansubuhakbarlndonesia,36,2
rapotmerahhamjokowi,35,2
rakyattinggalkanjkw,35,2
prabowomenyapasumbawa,35,2
6harilagigantipresiden,35,2
01banyakjaditersangka,35,2
salamduajari,34,2
indonesiaprabowosandi,34,2
bpnprabowosandiaga,34,2
bawaslukpujangancurang,34,2
uaspilihprabowosandi,33,2
scanc1editan,33,2
gayamerakyatmenggerogotrakyat,33,2
coblosprabowo,33,2
8harilagicoblosprabowosandi,33,2
prabowo_sandi,32,2
pilpresjurdilmenangkan02,32,2
kpuharusnetral,32,2
kecuranganpemilu,32,2
jokowikalahrakyatbahagia,32,2
iftharakbar212,32,2
revolusiakalsehat,31,2
kampanyeprabowosandi,31,2
jokowitamat,31,2
ijtimakulamaiii,31,2
prabowoungguldisumatera,30,2
prabowocerdas_menangdebat,30,2
janganpercayaquickcount,30,2
2019prabowosandiaga,30,2
02thewinelection,30,2
rakyatinginprabowopresiden,29,2
prabowocapresabadi,29,2
kawalsuara02,29,2
asalbukanjokowi,29,2
tanpakecurnaganprabowomenang,28,2
revolusimentalgagal,28,2
polisidukungjokowi,28,2
besokkitagantipresiden,28,2
tpfkecuranganpilpres,27,2
savekivlanandeggi,27,2
savedemocracyinindonesia,27,2
prabowosandipresiden,27,2
prabowasanditidakterbendung,27,2
poeplepower,27,2
jkwtkntanggungjawabfitnahhasto,27,2
shameonyoujokowi,26,2
rakyatpilihprabowodansandi,26,2
prayforindonesianelectionworkers,26,2
pemilucurangrakyatakanmelawan,26,2
coblospartaikoalisiprabowosandi,26,2
2019pksmenang,26,2
17april2019prabowopresiden,26,2
saveakalsehat,25,2
prabowoutamakanrakyat,25,2
menunggurealcountkpu,25,2
inaelectionobeserversos,25,2
thegreatofcampaignprabowo,24,2
prabowopresidenindonesia,24,2
nahdliyinbukanjokower,24,2
ijtimakulama,24,2
belakedalautanrakyat,24,2
aksi411,24,2
6harilagicoblosprabowosandi,24,2
tangkapketuakpu,23,2
prabowomenyapamerauke,23,2
prabowimenyapajatim,23,2
kawaldanjagahasilsuara02ditps,23,2
indonesianeedsparabowo,23,2
fix02prabowosandi,23,2
17aprilpilihpemimpinjujur,23,2
01diskualifikasi,23,2
rakyatkorbanjanji2014,22,2
prabowosandiwinrealcount,22,2
prabowomenyapaciamis,22,2
prabowomenangrakyatsenang,22,2
partaigerindra,22,2
jokowimarahcyn,22,2
habibrizieqshihab,22,2
saatnyaprabowodansandi,21,2
riaupastiprabowosandi,21,2
pulangkanjokowikesolo,21,2
prabowosandipresidenri,21,2
prabowo_sandi_dibutuhkanrakyat,21,2
prabowomenyapa,21,2
pemungutansuaraulang,21,2
neweraprabowosandi,21,2
makinbanggadukungprabowosandi,21,2
kpungejarquickqount,21,2
indonesiacallobserver,21,2
boikotpajak,21,2
wajahrezim,20,2
tukangtipu,20,2
kecuranganvspeoplepower,20,2
kapokpilihjokowi,20,2
kamibersamaprabowo,20,2
jokowiend2019,20,2
indonesiaadildanmakmur,20,2
guepilihprabowosandi,20,2
bebaskanindonesiadaripenjajah,20,2
2109gantipresiden,20,2
2019wajahbaru,20,2
17april2019coblosprabowosandi,20,2
save212,19,2
rezimkodok,19,2
relawanprabowosandi,19,2
pemilu2019curang,19,2
kpujangancurangi02,19,2
goodbyejokowi,19,2
alhamdulillahprabowomenang,19,2
2019prabowomenang,19,2
jokowitakutnovelbicara,18,2
janganpilihpemimpingagal,18,2
doakanprabowosandi,18,2
ubnpilihprabowo,17,2
sandiagasalahuddinuno,17,2
rakyatrindupemimpinjujur,17,2
prabowowintheelection,17,2
kembalikankedaulatanrakyak,17,2
kamibersamauas,17,2
jumatanbarengprabowo,17,2
amplopmentriseranganfajar,17,2
2019pemiludamai,17,2
rezimtiputipu,16,2
pilihprabowosandi,16,2
majelisazzikrapilihprabowo,16,2
mahfudcabutucapanmu,16,2
insyaallahprabowo,16,2
inaobserverelectionsos,16,2
curangituantidemokrasi,16,2
wasitikutmain,15,2
relawan02,15,2
realcountzonk02,15,2
kosongduamenang,15,2
koalisiadilmakmur,15,2
kampanyeakbarprabowosandi,15,2
coblosprabowosandi,15,2
62persenndasmu,15,2
02prabowosandimenang2019,15,2
tolakhasilkputanpaaudit,14,2
prabowopresidennkri,14,2
prabowoforpresident2019,14,2
mantappilihprabo,14,2
kedaulatanmilikrayat,14,2
kecuranganpilpres2019,14,2
jatimpksprabowosandi,14,2
jakartapilihprabowosandi,14,2
cybermuslimrussianforprabwosos,14,2
coblos02prabowosandi,14,2
barisansaksiumat,14,2
2019prabowosandipresiden,14,2
2019adilmakmur,14,2
02prabowosandipresiden,14,2
tagihjanjilanyalla,13,2
prabowosandibentengnkri,13,2
prabowosandiaja,13,2
prabowopresidenpilihanrakyat,13,2
pilihyangtidakbagiuangsembako,13,2
pesananrezim,13,2
marijihadlawankecurangan,13,2
kputakuttpf,13,2
janganpilihpemimpinantiislam,13,2
indonesiacallscartercente,13,2
inaelectionobserversosgermany,13,2
dukungfpi,13,2
bajuputihpilih02,13,2
2019prabowosubiantopresidenri,13,2
18harilagicoblosprabowo,13,2
10harimenujumenang,13,2
10000kiaidukung01,13,2
vote02,12,2
thevictorydayofprabowo,12,2
rakyatpejaratanbersamaprabowo,12,2
prabowosandiindonesia,12,2
prabowonextleader,12,2
prabowomenyaapasolo,12,2
ngototcurangngundangperang,12,2
darurathutangdankorupsi,12,2
cebongdungu,12,2
bentuktpfkecuranganpemilu2019,12,2
aksi4november,12,2
2019gantipesiden,12,2
17april2019presidenri,12,2
12harilagicoblos02,12,2
01menangkomunissenang,12,2
ulamabersamaprabowosandi,11,2
tusukprabowosandi02,11,2
tunggukomandoulama,11,2
terimakasihuas,11,2
solidaritasrakyatuntukperubahan,11,2
rakyatmanunggalperubahan,11,2
priaancamjokowi,11,2
prabowounggul,11,2
kpungejarqc,11,2
jokowiselesai,11,2
jokowikeok,11,2
jangannodaipilpres,11,2
installprabowo,11,2
indonesiaelectionobserversos,11,2
indonesiacallsobserversos,11,2
humanerrorakibathumanorder,11,2
hariinigantipresiden,11,2
curangmasifterstruktur,11,2
copotdubesmalaysia,11,2
cawapres02,11,2
adilmakmurberadab,11,2
2019kamimauprabowopresiden,11,2
2019gantipresidenbaru,11,2
2019ganti,11,2
